epoch,_f_score,loss,lr,val__f_score,val_loss
0,0.7364282504998175,0.8827142345971778,1e-05,0.7772959844389958,0.7405055087448945
